Rank_Values,HitR_LowerBand,AvgHitRate,HitR_UpperBand
10,0.064549,0.108437,0.152325
15,0.063156,0.110046,0.156936
20,0.061684,0.121082,0.18048
25,0.062677,0.12563,0.188584
30,0.096148,0.144328,0.192507
35,0.078171,0.132399,0.186627
40,0.081566,0.130933,0.180299
45,0.07257,0.123445,0.17432
50,0.067969,0.122699,0.17743
55,0.064866,0.122592,0.180318
60,0.069744,0.127862,0.185981
65,0.070996,0.12859,0.186185
70,0.077221,0.131104,0.184986
75,0.064713,0.1254,0.186087
80,0.071071,0.131114,0.191157
