Step_1,Step_2,Step_3,Step_4,Step_5,Step_6,Step_7,Step_8,HR_LowerBand,Avg_HitRate,HR_UpperBand
0.005245,0.0,0.0,0.000719,0.0,0.000933,0.0,0.0,-0.0006516896580440428,0.0008621249999999999,0.0023759396580440425
