Step_1,Step_2,Step_3,Step_4,Step_5,Step_6,Step_7,Step_8,HR_LowerBand,Avg_HitRate,HR_UpperBand
0.2062937062937063,0.24731182795698925,0.18095238095238095,0.24100719424460432,0.20087336244541484,0.1044776119402985,0.038834951456310676,0.16071428571428573,0.11349256075045602,0.17255816512549882,0.23162376950054162
