Step_1,Step_2,Step_3,Step_4,Step_5,Step_6,Step_7,Step_8,HR_LowerBand,Avg_HitRate,HR_UpperBand
0.0,0.0035842293906810036,0.0031746031746031746,0.0,0.0,0.0,0.0,0.0,-0.0004661870747354566,0.0008448540706605223,0.0021558952160565014
