Step_1,Step_2,Step_3,Step_4,Step_5,Step_6,Step_7,Step_8,HR_LowerBand,Avg_HitRate,HR_UpperBand
0.08236069486069486,0.11302981168572566,0.07630889392794153,0.10454350805070228,0.06674811118042559,0.07267235252309878,0.02912621359223301,0.05433673469387755,0.052592439155197665,0.07489079006433741,0.09718914097347715
