Step_1,Step_2,Step_3,Step_4,Step_5,Step_6,Step_7,Step_8,HR_LowerBand,Avg_HitRate,HR_UpperBand
0.0,0.0,0.0,0.0,0.0,0.002849,0.0,0.0,-0.00048597681139104284,0.000356125,0.0011982268113910428
