Rank_Values,HitR_LowerBand,AvgHitRate,HitR_UpperBand
10,0.008683,0.01629,0.023896
15,0.013944,0.024879,0.035815
20,0.019123,0.027532,0.035941
25,0.014961,0.025578,0.036195
30,0.019051,0.029758,0.040466
35,0.019669,0.030685,0.041701
40,0.024697,0.031588,0.038479
45,0.023441,0.033536,0.043631
50,0.020241,0.031525,0.042809
55,0.0228,0.03207,0.04134
60,0.021601,0.030667,0.039732
65,0.024069,0.030263,0.036456
70,0.026965,0.035365,0.043765
75,0.021531,0.030844,0.040157
80,0.018494,0.027832,0.03717
