Step_1,Step_2,Step_3,Step_4,Step_5,Step_6,Step_7,Step_8,HR_LowerBand,Avg_HitRate,HR_UpperBand
0.027477477477477474,0.021544715447154472,0.005670103092783506,0.018644688644688646,0.027419354838709678,0.0010683760683760685,0.0,0.035864978902953586,0.00595742757358874,0.01721121180901793,0.02846499604444712
