Step_1,Step_2,Step_3,Step_4,Step_5,Step_6,Step_7,Step_8,Step_Avg
0.000611,0.000611,0.000611,0.000611,0.000611,0.000611,0.000611,0.000611,0.000611
