Step_1,Step_2,Step_3,Step_4,Step_5,Step_6,Step_7,Step_8,HR_LowerBand,Avg_HitRate,HR_UpperBand
0.0045045045045045045,0.0,0.0,0.0,0.0,0.0,0.0,0.0,-0.0007683695107039971,0.0005630630630630631,0.0018944956368301233
