Step_1,Step_2,Step_3,Step_4,Step_5,Step_6,Step_7,Step_8,HR_LowerBand,Avg_HitRate,HR_UpperBand
0.04054054054054054,0.04878048780487805,0.010309278350515464,0.035897435897435895,0.10967741935483871,0.008547008547008548,0.0,0.05063291139240506,0.008911237158079604,0.03804813523595278,0.06718503331382596
