Step_1,Step_2,Step_3,Step_4,Step_5,Step_6,Step_7,Step_8,Step_Avg
0.994991,0.994929,0.995846,0.996335,0.995113,0.995296,0.995724,0.995479,0.995464125
