Step_1,Step_2,Step_3,Step_4,Step_5,Step_6,Step_7,Step_8,HR_LowerBand,Avg_HitRate,HR_UpperBand
0.015873015873015872,0.017543859649122806,0.02040816326530612,0.020833333333333332,0.030612244897959183,0.0380952380952381,0.03508771929824561,0.011363636363636364,0.015639658350647095,0.023727151346982174,0.03181464434331725
