Step_1,Step_2,Step_3,Step_4,Step_5,Step_6,Step_7,Step_8,HR_LowerBand,Avg_HitRate,HR_UpperBand
0.00992063492063492,0.002071150097465887,0.011337868480725623,0.013888888888888888,0.005867346938775509,0.007407407407407407,0.006248259537733222,0.002272727272727273,0.00388198757141665,0.007376785443044841,0.010871583314673031
