Rank_Values,HitR_LowerBand,AvgHitRate,HitR_UpperBand
10,0.011182,0.0409,0.070618
15,0.02564,0.044643,0.063645
20,0.030721,0.050159,0.069598
25,0.033605,0.050807,0.06801
30,0.046858,0.059556,0.072254
35,0.043403,0.055762,0.068121
40,0.03946,0.057779,0.076098
45,0.057338,0.066311,0.075284
50,0.046937,0.059102,0.071267
55,0.051387,0.062476,0.073565
60,0.042377,0.055657,0.068938
65,0.039076,0.051052,0.063028
70,0.037348,0.056698,0.076047
75,0.034024,0.055396,0.076767
80,0.025976,0.04821,0.070445
