Step_1,Step_2,Step_3,Step_4,Step_5,Step_6,Step_7,Step_8,HR_LowerBand,Avg_HitRate,HR_UpperBand
0.0,0.0,0.0,0.020833333333333332,0.02040816326530612,0.009523809523809525,0.0,0.0,-0.0015165175284144756,0.006345663265306122,0.01420784405902672
