Step_1,Step_2,Step_3,Step_4,Step_5,Step_6,Step_7,Step_8,HR_LowerBand,Avg_HitRate,HR_UpperBand
0.0,0.0,0.0,0.013889,0.003401,0.004762,0.0,0.0,-0.0013191271398625927,0.0027565000000000003,0.006832127139862593
