Rank_Values,HitR_LowerBand,AvgHitRate,HitR_UpperBand
10,0.011182,0.0409,0.070618
15,0.025977,0.04246,0.058944
20,0.030718,0.052625,0.074533
25,0.033379,0.052262,0.071144
30,0.047118,0.059607,0.072097
35,0.04837,0.058794,0.069219
40,0.047983,0.05988,0.071778
45,0.054965,0.066814,0.078664
50,0.047087,0.061773,0.07646
55,0.047725,0.05869,0.069654
60,0.034311,0.048474,0.062638
65,0.031449,0.048244,0.06504
70,0.033518,0.050841,0.068165
75,0.022366,0.045825,0.069284
80,0.031573,0.051601,0.07163
